soil_type,crop_type,irrigation_type,yield_per_acre
loamy,wheat,drip,2.0
loamy,wheat,sprinkler,2.0
loamy,wheat,flood,2.0
loamy,wheat,furrow,2.0
loamy,wheat,basin,2.0
loamy,wheat,rainfed,2.0
loamy,rice,drip,2.0
loamy,rice,sprinkler,2.0
loamy,rice,flood,2.0
loamy,rice,furrow,2.0
loamy,rice,basin,2.0
loamy,rice,rainfed,2.0
loamy,cotton,drip,2.0
loamy,cotton,sprinkler,2.0
loamy,cotton,flood,2.0
loamy,cotton,furrow,2.0
loamy,cotton,basin,2.0
loamy,cotton,rainfed,2.0
loamy,vegetables,drip,2.0
loamy,vegetables,sprinkler,2.0
loamy,vegetables,flood,2.0
loamy,vegetables,furrow,2.0
loamy,vegetables,basin,2.0
loamy,vegetables,rainfed,2.0
loamy,pulses,drip,2.0
loamy,pulses,sprinkler,2.0
loamy,pulses,flood,2.0
loamy,pulses,furrow,2.0
loamy,pulses,basin,2.0
loamy,pulses,rainfed,2.0
loamy,peanuts,drip,2.0
loamy,peanuts,sprinkler,2.0
loamy,peanuts,flood,2.0
loamy,peanuts,furrow,2.0
loamy,peanuts,basin,2.0
loamy,peanuts,rainfed,2.0
loamy,watermelon,drip,2.0
loamy,watermelon,sprinkler,2.0
loamy,watermelon,flood,2.0
loamy,watermelon,furrow,2.0
loamy,watermelon,basin,2.0
loamy,watermelon,rainfed,2.0
loamy,potatoes,drip,2.0
loamy,potatoes,sprinkler,2.0
loamy,potatoes,flood,2.0
loamy,potatoes,furrow,2.0
loamy,potatoes,basin,2.0
loamy,potatoes,rainfed,2.0
loamy,carrots,drip,2.0
loamy,carrots,sprinkler,2.0
loamy,carrots,flood,2.0
loamy,carrots,furrow,2.0
loamy,carrots,basin,2.0
loamy,carrots,rainfed,2.0
loamy,cantaloupe,drip,2.0
loamy,cantaloupe,sprinkler,2.0
loamy,cantaloupe,flood,2.0
loamy,cantaloupe,furrow,2.0
loamy,cantaloupe,basin,2.0
loamy,cantaloupe,rainfed,2.0
loamy,soybean,drip,2.0
loamy,soybean,sprinkler,2.0
loamy,soybean,flood,2.0
loamy,soybean,furrow,2.0
loamy,soybean,basin,2.0
loamy,soybean,rainfed,2.0
loamy,broccoli,drip,2.0
loamy,broccoli,sprinkler,2.0
loamy,broccoli,flood,2.0
loamy,broccoli,furrow,2.0
loamy,broccoli,basin,2.0
loamy,broccoli,rainfed,2.0
loamy,cabbage,drip,2.0
loamy,cabbage,sprinkler,2.0
loamy,cabbage,flood,2.0
loamy,cabbage,furrow,2.0
loamy,cabbage,basin,2.0
loamy,cabbage,rainfed,2.0
loamy,tomatoes,drip,2.0
loamy,tomatoes,sprinkler,2.0
loamy,tomatoes,flood,2.0
loamy,tomatoes,furrow,2.0
loamy,tomatoes,basin,2.0
loamy,tomatoes,rainfed,2.0
loamy,onions,drip,2.0
loamy,onions,sprinkler,2.0
loamy,onions,flood,2.0
loamy,onions,furrow,2.0
loamy,onions,basin,2.0
loamy,onions,rainfed,2.0
loamy,garlic,drip,2.0
loamy,garlic,sprinkler,2.0
loamy,garlic,flood,2.0
loamy,garlic,furrow,2.0
loamy,garlic,basin,2.0
loamy,garlic,rainfed,2.0
loamy,peppers,drip,2.0
loamy,peppers,sprinkler,2.0
loamy,peppers,flood,2.0
loamy,peppers,furrow,2.0
loamy,peppers,basin,2.0
loamy,peppers,rainfed,2.0
loamy,lettuce,drip,2.0
loamy,lettuce,sprinkler,2.0
loamy,lettuce,flood,2.0
loamy,lettuce,furrow,2.0
loamy,lettuce,basin,2.0
loamy,lettuce,rainfed,2.0
loamy,celery,drip,2.0
loamy,celery,sprinkler,2.0
loamy,celery,flood,2.0
loamy,celery,furrow,2.0
loamy,celery,basin,2.0
loamy,celery,rainfed,2.0
loamy,barley,drip,2.0
loamy,barley,sprinkler,2.0
loamy,barley,flood,2.0
loamy,barley,furrow,2.0
loamy,barley,basin,2.0
loamy,barley,rainfed,2.0
loamy,beet,drip,2.0
loamy,beet,sprinkler,2.0
loamy,beet,flood,2.0
loamy,beet,furrow,2.0
loamy,beet,basin,2.0
loamy,beet,rainfed,2.0
loamy,spinach,drip,2.0
loamy,spinach,sprinkler,2.0
loamy,spinach,flood,2.0
loamy,spinach,furrow,2.0
loamy,spinach,basin,2.0
loamy,spinach,rainfed,2.0
loamy,millets,drip,2.0
loamy,millets,sprinkler,2.0
loamy,millets,flood,2.0
loamy,millets,furrow,2.0
loamy,millets,basin,2.0
loamy,millets,rainfed,2.0
loamy,groundnut,drip,2.0
loamy,groundnut,sprinkler,2.0
loamy,groundnut,flood,2.0
loamy,groundnut,furrow,2.0
loamy,groundnut,basin,2.0
loamy,groundnut,rainfed,2.0
loamy,cashew,drip,2.0
loamy,cashew,sprinkler,2.0
loamy,cashew,flood,2.0
loamy,cashew,furrow,2.0
loamy,cashew,basin,2.0
loamy,cashew,rainfed,2.0
loamy,pineapple,drip,2.0
loamy,pineapple,sprinkler,2.0
loamy,pineapple,flood,2.0
loamy,pineapple,furrow,2.0
loamy,pineapple,basin,2.0
loamy,pineapple,rainfed,2.0
loamy,tea,drip,2.0
loamy,tea,sprinkler,2.0
loamy,tea,flood,2.0
loamy,tea,furrow,2.0
loamy,tea,basin,2.0
loamy,tea,rainfed,2.0
loamy,coffee,drip,2.0
loamy,coffee,sprinkler,2.0
loamy,coffee,flood,2.0
loamy,coffee,furrow,2.0
loamy,coffee,basin,2.0
loamy,coffee,rainfed,2.0
loamy,sunflower,drip,2.0
loamy,sunflower,sprinkler,2.0
loamy,sunflower,flood,2.0
loamy,sunflower,furrow,2.0
loamy,sunflower,basin,2.0
loamy,sunflower,rainfed,2.0
loamy,jute,drip,2.0
loamy,jute,sprinkler,2.0
loamy,jute,flood,2.0
loamy,jute,furrow,2.0
loamy,jute,basin,2.0
loamy,jute,rainfed,2.0
loamy,sugarcane,drip,2.0
loamy,sugarcane,sprinkler,2.0
loamy,sugarcane,flood,2.0
loamy,sugarcane,furrow,2.0
loamy,sugarcane,basin,2.0
loamy,sugarcane,rainfed,2.0
loamy,sugar beet,drip,2.0
loamy,sugar beet,sprinkler,2.0
loamy,sugar beet,flood,2.0
loamy,sugar beet,furrow,2.0
loamy,sugar beet,basin,2.0
loamy,sugar beet,rainfed,2.0
sandy,wheat,drip,2.0
sandy,wheat,sprinkler,2.0
sandy,wheat,flood,2.0
sandy,wheat,furrow,2.0
sandy,wheat,basin,2.0
sandy,wheat,rainfed,2.0
sandy,rice,drip,2.0
sandy,rice,sprinkler,2.0
sandy,rice,flood,2.0
sandy,rice,furrow,2.0
sandy,rice,basin,2.0
sandy,rice,rainfed,2.0
sandy,cotton,drip,2.0
sandy,cotton,sprinkler,2.0
sandy,cotton,flood,2.0
sandy,cotton,furrow,2.0
sandy,cotton,basin,2.0
sandy,cotton,rainfed,2.0
sandy,vegetables,drip,2.0
sandy,vegetables,sprinkler,2.0
sandy,vegetables,flood,2.0
sandy,vegetables,furrow,2.0
sandy,vegetables,basin,2.0
sandy,vegetables,rainfed,2.0
sandy,pulses,drip,2.0
sandy,pulses,sprinkler,2.0
sandy,pulses,flood,2.0
sandy,pulses,furrow,2.0
sandy,pulses,basin,2.0
sandy,pulses,rainfed,2.0
sandy,peanuts,drip,2.0
sandy,peanuts,sprinkler,2.0
sandy,peanuts,flood,2.0
sandy,peanuts,furrow,2.0
sandy,peanuts,basin,2.0
sandy,peanuts,rainfed,2.0
sandy,watermelon,drip,2.0
sandy,watermelon,sprinkler,2.0
sandy,watermelon,flood,2.0
sandy,watermelon,furrow,2.0
sandy,watermelon,basin,2.0
sandy,watermelon,rainfed,2.0
sandy,potatoes,drip,2.0
sandy,potatoes,sprinkler,2.0
sandy,potatoes,flood,2.0
sandy,potatoes,furrow,2.0
sandy,potatoes,basin,2.0
sandy,potatoes,rainfed,2.0
sandy,carrots,drip,2.0
sandy,carrots,sprinkler,2.0
sandy,carrots,flood,2.0
sandy,carrots,furrow,2.0
sandy,carrots,basin,2.0
sandy,carrots,rainfed,2.0
sandy,cantaloupe,drip,2.0
sandy,cantaloupe,sprinkler,2.0
sandy,cantaloupe,flood,2.0
sandy,cantaloupe,furrow,2.0
sandy,cantaloupe,basin,2.0
sandy,cantaloupe,rainfed,2.0
sandy,soybean,drip,2.0
sandy,soybean,sprinkler,2.0
sandy,soybean,flood,2.0
sandy,soybean,furrow,2.0
sandy,soybean,basin,2.0
sandy,soybean,rainfed,2.0
sandy,broccoli,drip,2.0
sandy,broccoli,sprinkler,2.0
sandy,broccoli,flood,2.0
sandy,broccoli,furrow,2.0
sandy,broccoli,basin,2.0
sandy,broccoli,rainfed,2.0
sandy,cabbage,drip,2.0
sandy,cabbage,sprinkler,2.0
sandy,cabbage,flood,2.0
sandy,cabbage,furrow,2.0
sandy,cabbage,basin,2.0
sandy,cabbage,rainfed,2.0
sandy,tomatoes,drip,2.0
sandy,tomatoes,sprinkler,2.0
sandy,tomatoes,flood,2.0
sandy,tomatoes,furrow,2.0
sandy,tomatoes,basin,2.0
sandy,tomatoes,rainfed,2.0
sandy,onions,drip,2.0
sandy,onions,sprinkler,2.0
sandy,onions,flood,2.0
sandy,onions,furrow,2.0
sandy,onions,basin,2.0
sandy,onions,rainfed,2.0
sandy,garlic,drip,2.0
sandy,garlic,sprinkler,2.0
sandy,garlic,flood,2.0
sandy,garlic,furrow,2.0
sandy,garlic,basin,2.0
sandy,garlic,rainfed,2.0
sandy,peppers,drip,2.0
sandy,peppers,sprinkler,2.0
sandy,peppers,flood,2.0
sandy,peppers,furrow,2.0
sandy,peppers,basin,2.0
sandy,peppers,rainfed,2.0
sandy,lettuce,drip,2.0
sandy,lettuce,sprinkler,2.0
sandy,lettuce,flood,2.0
sandy,lettuce,furrow,2.0
sandy,lettuce,basin,2.0
sandy,lettuce,rainfed,2.0
sandy,celery,drip,2.0
sandy,celery,sprinkler,2.0
sandy,celery,flood,2.0
sandy,celery,furrow,2.0
sandy,celery,basin,2.0
sandy,celery,rainfed,2.0
sandy,barley,drip,2.0
sandy,barley,sprinkler,2.0
sandy,barley,flood,2.0
sandy,barley,furrow,2.0
sandy,barley,basin,2.0
sandy,barley,rainfed,2.0
sandy,beet,drip,2.0
sandy,beet,sprinkler,2.0
sandy,beet,flood,2.0
sandy,beet,furrow,2.0
sandy,beet,basin,2.0
sandy,beet,rainfed,2.0
sandy,spinach,drip,2.0
sandy,spinach,sprinkler,2.0
sandy,spinach,flood,2.0
sandy,spinach,furrow,2.0
sandy,spinach,basin,2.0
sandy,spinach,rainfed,2.0
sandy,millets,drip,2.0
sandy,millets,sprinkler,2.0
sandy,millets,flood,2.0
sandy,millets,furrow,2.0
sandy,millets,basin,2.0
sandy,millets,rainfed,2.0
sandy,groundnut,drip,2.0
sandy,groundnut,sprinkler,2.0
sandy,groundnut,flood,2.0
sandy,groundnut,furrow,2.0
sandy,groundnut,basin,2.0
sandy,groundnut,rainfed,2.0
sandy,cashew,drip,2.0
sandy,cashew,sprinkler,2.0
sandy,cashew,flood,2.0
sandy,cashew,furrow,2.0
sandy,cashew,basin,2.0
sandy,cashew,rainfed,2.0
sandy,pineapple,drip,2.0
sandy,pineapple,sprinkler,2.0
sandy,pineapple,flood,2.0
sandy,pineapple,furrow,2.0
sandy,pineapple,basin,2.0
sandy,pineapple,rainfed,2.0
sandy,tea,drip,2.0
sandy,tea,sprinkler,2.0
sandy,tea,flood,2.0
sandy,tea,furrow,2.0
sandy,tea,basin,2.0
sandy,tea,rainfed,2.0
sandy,coffee,drip,2.0
sandy,coffee,sprinkler,2.0
sandy,coffee,flood,2.0
sandy,coffee,furrow,2.0
sandy,coffee,basin,2.0
sandy,coffee,rainfed,2.0
sandy,sunflower,drip,2.0
sandy,sunflower,sprinkler,2.0
sandy,sunflower,flood,2.0
sandy,sunflower,furrow,2.0
sandy,sunflower,basin,2.0
sandy,sunflower,rainfed,2.0
sandy,jute,drip,2.0
sandy,jute,sprinkler,2.0
sandy,jute,flood,2.0
sandy,jute,furrow,2.0
sandy,jute,basin,2.0
sandy,jute,rainfed,2.0
sandy,sugarcane,drip,2.0
sandy,sugarcane,sprinkler,2.0
sandy,sugarcane,flood,2.0
sandy,sugarcane,furrow,2.0
sandy,sugarcane,basin,2.0
sandy,sugarcane,rainfed,2.0
sandy,sugar beet,drip,2.0
sandy,sugar beet,sprinkler,2.0
sandy,sugar beet,flood,2.0
sandy,sugar beet,furrow,2.0
sandy,sugar beet,basin,2.0
sandy,sugar beet,rainfed,2.0
clay,wheat,drip,2.0
clay,wheat,sprinkler,2.0
clay,wheat,flood,2.0
clay,wheat,furrow,2.0
clay,wheat,basin,2.0
clay,wheat,rainfed,2.0
clay,rice,drip,2.0
clay,rice,sprinkler,2.0
clay,rice,flood,2.0
clay,rice,furrow,2.0
clay,rice,basin,2.0
clay,rice,rainfed,2.0
clay,cotton,drip,2.0
clay,cotton,sprinkler,2.0
clay,cotton,flood,2.0
clay,cotton,furrow,2.0
clay,cotton,basin,2.0
clay,cotton,rainfed,2.0
clay,vegetables,drip,2.0
clay,vegetables,sprinkler,2.0
clay,vegetables,flood,2.0
clay,vegetables,furrow,2.0
clay,vegetables,basin,2.0
clay,vegetables,rainfed,2.0
clay,pulses,drip,2.0
clay,pulses,sprinkler,2.0
clay,pulses,flood,2.0
clay,pulses,furrow,2.0
clay,pulses,basin,2.0
clay,pulses,rainfed,2.0
clay,peanuts,drip,2.0
clay,peanuts,sprinkler,2.0
clay,peanuts,flood,2.0
clay,peanuts,furrow,2.0
clay,peanuts,basin,2.0
clay,peanuts,rainfed,2.0
clay,watermelon,drip,2.0
clay,watermelon,sprinkler,2.0
clay,watermelon,flood,2.0
clay,watermelon,furrow,2.0
clay,watermelon,basin,2.0
clay,watermelon,rainfed,2.0
clay,potatoes,drip,2.0
clay,potatoes,sprinkler,2.0
clay,potatoes,flood,2.0
clay,potatoes,furrow,2.0
clay,potatoes,basin,2.0
clay,potatoes,rainfed,2.0
clay,carrots,drip,2.0
clay,carrots,sprinkler,2.0
clay,carrots,flood,2.0
clay,carrots,furrow,2.0
clay,carrots,basin,2.0
clay,carrots,rainfed,2.0
clay,cantaloupe,drip,2.0
clay,cantaloupe,sprinkler,2.0
clay,cantaloupe,flood,2.0
clay,cantaloupe,furrow,2.0
clay,cantaloupe,basin,2.0
clay,cantaloupe,rainfed,2.0
clay,soybean,drip,2.0
clay,soybean,sprinkler,2.0
clay,soybean,flood,2.0
clay,soybean,furrow,2.0
clay,soybean,basin,2.0
clay,soybean,rainfed,2.0
clay,broccoli,drip,2.0
clay,broccoli,sprinkler,2.0
clay,broccoli,flood,2.0
clay,broccoli,furrow,2.0
clay,broccoli,basin,2.0
clay,broccoli,rainfed,2.0
clay,cabbage,drip,2.0
clay,cabbage,sprinkler,2.0
clay,cabbage,flood,2.0
clay,cabbage,furrow,2.0
clay,cabbage,basin,2.0
clay,cabbage,rainfed,2.0
clay,tomatoes,drip,2.0
clay,tomatoes,sprinkler,2.0
clay,tomatoes,flood,2.0
clay,tomatoes,furrow,2.0
clay,tomatoes,basin,2.0
clay,tomatoes,rainfed,2.0
clay,onions,drip,2.0
clay,onions,sprinkler,2.0
clay,onions,flood,2.0
clay,onions,furrow,2.0
clay,onions,basin,2.0
clay,onions,rainfed,2.0
clay,garlic,drip,2.0
clay,garlic,sprinkler,2.0
clay,garlic,flood,2.0
clay,garlic,furrow,2.0
clay,garlic,basin,2.0
clay,garlic,rainfed,2.0
clay,peppers,drip,2.0
clay,peppers,sprinkler,2.0
clay,peppers,flood,2.0
clay,peppers,furrow,2.0
clay,peppers,basin,2.0
clay,peppers,rainfed,2.0
clay,lettuce,drip,2.0
clay,lettuce,sprinkler,2.0
clay,lettuce,flood,2.0
clay,lettuce,furrow,2.0
clay,lettuce,basin,2.0
clay,lettuce,rainfed,2.0
clay,celery,drip,2.0
clay,celery,sprinkler,2.0
clay,celery,flood,2.0
clay,celery,furrow,2.0
clay,celery,basin,2.0
clay,celery,rainfed,2.0
clay,barley,drip,2.0
clay,barley,sprinkler,2.0
clay,barley,flood,2.0
clay,barley,furrow,2.0
clay,barley,basin,2.0
clay,barley,rainfed,2.0
clay,beet,drip,2.0
clay,beet,sprinkler,2.0
clay,beet,flood,2.0
clay,beet,furrow,2.0
clay,beet,basin,2.0
clay,beet,rainfed,2.0
clay,spinach,drip,2.0
clay,spinach,sprinkler,2.0
clay,spinach,flood,2.0
clay,spinach,furrow,2.0
clay,spinach,basin,2.0
clay,spinach,rainfed,2.0
clay,millets,drip,2.0
clay,millets,sprinkler,2.0
clay,millets,flood,2.0
clay,millets,furrow,2.0
clay,millets,basin,2.0
clay,millets,rainfed,2.0
clay,groundnut,drip,2.0
clay,groundnut,sprinkler,2.0
clay,groundnut,flood,2.0
clay,groundnut,furrow,2.0
clay,groundnut,basin,2.0
clay,groundnut,rainfed,2.0
clay,cashew,drip,2.0
clay,cashew,sprinkler,2.0
clay,cashew,flood,2.0
clay,cashew,furrow,2.0
clay,cashew,basin,2.0
clay,cashew,rainfed,2.0
clay,pineapple,drip,2.0
clay,pineapple,sprinkler,2.0
clay,pineapple,flood,2.0
clay,pineapple,furrow,2.0
clay,pineapple,basin,2.0
clay,pineapple,rainfed,2.0
clay,tea,drip,2.0
clay,tea,sprinkler,2.0
clay,tea,flood,2.0
clay,tea,furrow,2.0
clay,tea,basin,2.0
clay,tea,rainfed,2.0
clay,coffee,drip,2.0
clay,coffee,sprinkler,2.0
clay,coffee,flood,2.0
clay,coffee,furrow,2.0
clay,coffee,basin,2.0
clay,coffee,rainfed,2.0
clay,sunflower,drip,2.0
clay,sunflower,sprinkler,2.0
clay,sunflower,flood,2.0
clay,sunflower,furrow,2.0
clay,sunflower,basin,2.0
clay,sunflower,rainfed,2.0
clay,jute,drip,2.0
clay,jute,sprinkler,2.0
clay,jute,flood,2.0
clay,jute,furrow,2.0
clay,jute,basin,2.0
clay,jute,rainfed,2.0
clay,sugarcane,drip,2.0
clay,sugarcane,sprinkler,2.0
clay,sugarcane,flood,2.0
clay,sugarcane,furrow,2.0
clay,sugarcane,basin,2.0
clay,sugarcane,rainfed,2.0
clay,sugar beet,drip,2.0
clay,sugar beet,sprinkler,2.0
clay,sugar beet,flood,2.0
clay,sugar beet,furrow,2.0
clay,sugar beet,basin,2.0
clay,sugar beet,rainfed,2.0
silt,wheat,drip,2.0
silt,wheat,sprinkler,2.0
silt,wheat,flood,2.0
silt,wheat,furrow,2.0
silt,wheat,basin,2.0
silt,wheat,rainfed,2.0
silt,rice,drip,2.0
silt,rice,sprinkler,2.0
silt,rice,flood,2.0
silt,rice,furrow,2.0
silt,rice,basin,2.0
silt,rice,rainfed,2.0
silt,cotton,drip,2.0
silt,cotton,sprinkler,2.0
silt,cotton,flood,2.0
silt,cotton,furrow,2.0
silt,cotton,basin,2.0
silt,cotton,rainfed,2.0
silt,vegetables,drip,2.0
silt,vegetables,sprinkler,2.0
silt,vegetables,flood,2.0
silt,vegetables,furrow,2.0
silt,vegetables,basin,2.0
silt,vegetables,rainfed,2.0
silt,pulses,drip,2.0
silt,pulses,sprinkler,2.0
silt,pulses,flood,2.0
silt,pulses,furrow,2.0
silt,pulses,basin,2.0
silt,pulses,rainfed,2.0
silt,peanuts,drip,2.0
silt,peanuts,sprinkler,2.0
silt,peanuts,flood,2.0
silt,peanuts,furrow,2.0
silt,peanuts,basin,2.0
silt,peanuts,rainfed,2.0
silt,watermelon,drip,2.0
silt,watermelon,sprinkler,2.0
silt,watermelon,flood,2.0
silt,watermelon,furrow,2.0
silt,watermelon,basin,2.0
silt,watermelon,rainfed,2.0
silt,potatoes,drip,2.0
silt,potatoes,sprinkler,2.0
silt,potatoes,flood,2.0
silt,potatoes,furrow,2.0
silt,potatoes,basin,2.0
silt,potatoes,rainfed,2.0
silt,carrots,drip,2.0
silt,carrots,sprinkler,2.0
silt,carrots,flood,2.0
silt,carrots,furrow,2.0
silt,carrots,basin,2.0
silt,carrots,rainfed,2.0
silt,cantaloupe,drip,2.0
silt,cantaloupe,sprinkler,2.0
silt,cantaloupe,flood,2.0
silt,cantaloupe,furrow,2.0
silt,cantaloupe,basin,2.0
silt,cantaloupe,rainfed,2.0
silt,soybean,drip,2.0
silt,soybean,sprinkler,2.0
silt,soybean,flood,2.0
silt,soybean,furrow,2.0
silt,soybean,basin,2.0
silt,soybean,rainfed,2.0
silt,broccoli,drip,2.0
silt,broccoli,sprinkler,2.0
silt,broccoli,flood,2.0
silt,broccoli,furrow,2.0
silt,broccoli,basin,2.0
silt,broccoli,rainfed,2.0
silt,cabbage,drip,2.0
silt,cabbage,sprinkler,2.0
silt,cabbage,flood,2.0
silt,cabbage,furrow,2.0
silt,cabbage,basin,2.0
silt,cabbage,rainfed,2.0
silt,tomatoes,drip,2.0
silt,tomatoes,sprinkler,2.0
silt,tomatoes,flood,2.0
silt,tomatoes,furrow,2.0
silt,tomatoes,basin,2.0
silt,tomatoes,rainfed,2.0
silt,onions,drip,2.0
silt,onions,sprinkler,2.0
silt,onions,flood,2.0
silt,onions,furrow,2.0
silt,onions,basin,2.0
silt,onions,rainfed,2.0
silt,garlic,drip,2.0
silt,garlic,sprinkler,2.0
silt,garlic,flood,2.0
silt,garlic,furrow,2.0
silt,garlic,basin,2.0
silt,garlic,rainfed,2.0
silt,peppers,drip,2.0
silt,peppers,sprinkler,2.0
silt,peppers,flood,2.0
silt,peppers,furrow,2.0
silt,peppers,basin,2.0
silt,peppers,rainfed,2.0
silt,lettuce,drip,2.0
silt,lettuce,sprinkler,2.0
silt,lettuce,flood,2.0
silt,lettuce,furrow,2.0
silt,lettuce,basin,2.0
silt,lettuce,rainfed,2.0
silt,celery,drip,2.0
silt,celery,sprinkler,2.0
silt,celery,flood,2.0
silt,celery,furrow,2.0
silt,celery,basin,2.0
silt,celery,rainfed,2.0
silt,barley,drip,2.0
silt,barley,sprinkler,2.0
silt,barley,flood,2.0
silt,barley,furrow,2.0
silt,barley,basin,2.0
silt,barley,rainfed,2.0
silt,beet,drip,2.0
silt,beet,sprinkler,2.0
silt,beet,flood,2.0
silt,beet,furrow,2.0
silt,beet,basin,2.0
silt,beet,rainfed,2.0
silt,spinach,drip,2.0
silt,spinach,sprinkler,2.0
silt,spinach,flood,2.0
silt,spinach,furrow,2.0
silt,spinach,basin,2.0
silt,spinach,rainfed,2.0
silt,millets,drip,2.0
silt,millets,sprinkler,2.0
silt,millets,flood,2.0
silt,millets,furrow,2.0
silt,millets,basin,2.0
silt,millets,rainfed,2.0
silt,groundnut,drip,2.0
silt,groundnut,sprinkler,2.0
silt,groundnut,flood,2.0
silt,groundnut,furrow,2.0
silt,groundnut,basin,2.0
silt,groundnut,rainfed,2.0
silt,cashew,drip,2.0
silt,cashew,sprinkler,2.0
silt,cashew,flood,2.0
silt,cashew,furrow,2.0
silt,cashew,basin,2.0
silt,cashew,rainfed,2.0
silt,pineapple,drip,2.0
silt,pineapple,sprinkler,2.0
silt,pineapple,flood,2.0
silt,pineapple,furrow,2.0
silt,pineapple,basin,2.0
silt,pineapple,rainfed,2.0
silt,tea,drip,2.0
silt,tea,sprinkler,2.0
silt,tea,flood,2.0
silt,tea,furrow,2.0
silt,tea,basin,2.0
silt,tea,rainfed,2.0
silt,coffee,drip,2.0
silt,coffee,sprinkler,2.0
silt,coffee,flood,2.0
silt,coffee,furrow,2.0
silt,coffee,basin,2.0
silt,coffee,rainfed,2.0
silt,sunflower,drip,2.0
silt,sunflower,sprinkler,2.0
silt,sunflower,flood,2.0
silt,sunflower,furrow,2.0
silt,sunflower,basin,2.0
silt,sunflower,rainfed,2.0
silt,jute,drip,2.0
silt,jute,sprinkler,2.0
silt,jute,flood,2.0
silt,jute,furrow,2.0
silt,jute,basin,2.0
silt,jute,rainfed,2.0
silt,sugarcane,drip,2.0
silt,sugarcane,sprinkler,2.0
silt,sugarcane,flood,2.0
silt,sugarcane,furrow,2.0
silt,sugarcane,basin,2.0
silt,sugarcane,rainfed,2.0
silt,sugar beet,drip,2.0
silt,sugar beet,sprinkler,2.0
silt,sugar beet,flood,2.0
silt,sugar beet,furrow,2.0
silt,sugar beet,basin,2.0
silt,sugar beet,rainfed,2.0
peat,wheat,drip,2.0
peat,wheat,sprinkler,2.0
peat,wheat,flood,2.0
peat,wheat,furrow,2.0
peat,wheat,basin,2.0
peat,wheat,rainfed,2.0
peat,rice,drip,2.0
peat,rice,sprinkler,2.0
peat,rice,flood,2.0
peat,rice,furrow,2.0
peat,rice,basin,2.0
peat,rice,rainfed,2.0
peat,cotton,drip,2.0
peat,cotton,sprinkler,2.0
peat,cotton,flood,2.0
peat,cotton,furrow,2.0
peat,cotton,basin,2.0
peat,cotton,rainfed,2.0
peat,vegetables,drip,2.0
peat,vegetables,sprinkler,2.0
peat,vegetables,flood,2.0
peat,vegetables,furrow,2.0
peat,vegetables,basin,2.0
peat,vegetables,rainfed,2.0
peat,pulses,drip,2.0
peat,pulses,sprinkler,2.0
peat,pulses,flood,2.0
peat,pulses,furrow,2.0
peat,pulses,basin,2.0
peat,pulses,rainfed,2.0
peat,peanuts,drip,2.0
peat,peanuts,sprinkler,2.0
peat,peanuts,flood,2.0
peat,peanuts,furrow,2.0
peat,peanuts,basin,2.0
peat,peanuts,rainfed,2.0
peat,watermelon,drip,2.0
peat,watermelon,sprinkler,2.0
peat,watermelon,flood,2.0
peat,watermelon,furrow,2.0
peat,watermelon,basin,2.0
peat,watermelon,rainfed,2.0
peat,potatoes,drip,2.0
peat,potatoes,sprinkler,2.0
peat,potatoes,flood,2.0
peat,potatoes,furrow,2.0
peat,potatoes,basin,2.0
peat,potatoes,rainfed,2.0
peat,carrots,drip,2.0
peat,carrots,sprinkler,2.0
peat,carrots,flood,2.0
peat,carrots,furrow,2.0
peat,carrots,basin,2.0
peat,carrots,rainfed,2.0
peat,cantaloupe,drip,2.0
peat,cantaloupe,sprinkler,2.0
peat,cantaloupe,flood,2.0
peat,cantaloupe,furrow,2.0
peat,cantaloupe,basin,2.0
peat,cantaloupe,rainfed,2.0
peat,soybean,drip,2.0
peat,soybean,sprinkler,2.0
peat,soybean,flood,2.0
peat,soybean,furrow,2.0
peat,soybean,basin,2.0
peat,soybean,rainfed,2.0
peat,broccoli,drip,2.0
peat,broccoli,sprinkler,2.0
peat,broccoli,flood,2.0
peat,broccoli,furrow,2.0
peat,broccoli,basin,2.0
peat,broccoli,rainfed,2.0
peat,cabbage,drip,2.0
peat,cabbage,sprinkler,2.0
peat,cabbage,flood,2.0
peat,cabbage,furrow,2.0
peat,cabbage,basin,2.0
peat,cabbage,rainfed,2.0
peat,tomatoes,drip,2.0
peat,tomatoes,sprinkler,2.0
peat,tomatoes,flood,2.0
peat,tomatoes,furrow,2.0
peat,tomatoes,basin,2.0
peat,tomatoes,rainfed,2.0
peat,onions,drip,2.0
peat,onions,sprinkler,2.0
peat,onions,flood,2.0
peat,onions,furrow,2.0
peat,onions,basin,2.0
peat,onions,rainfed,2.0
peat,garlic,drip,2.0
peat,garlic,sprinkler,2.0
peat,garlic,flood,2.0
peat,garlic,furrow,2.0
peat,garlic,basin,2.0
peat,garlic,rainfed,2.0
peat,peppers,drip,2.0
peat,peppers,sprinkler,2.0
peat,peppers,flood,2.0
peat,peppers,furrow,2.0
peat,peppers,basin,2.0
peat,peppers,rainfed,2.0
peat,lettuce,drip,2.0
peat,lettuce,sprinkler,2.0
peat,lettuce,flood,2.0
peat,lettuce,furrow,2.0
peat,lettuce,basin,2.0
peat,lettuce,rainfed,2.0
peat,celery,drip,2.0
peat,celery,sprinkler,2.0
peat,celery,flood,2.0
peat,celery,furrow,2.0
peat,celery,basin,2.0
peat,celery,rainfed,2.0
peat,barley,drip,2.0
peat,barley,sprinkler,2.0
peat,barley,flood,2.0
peat,barley,furrow,2.0
peat,barley,basin,2.0
peat,barley,rainfed,2.0
peat,beet,drip,2.0
peat,beet,sprinkler,2.0
peat,beet,flood,2.0
peat,beet,furrow,2.0
peat,beet,basin,2.0
peat,beet,rainfed,2.0
peat,spinach,drip,2.0
peat,spinach,sprinkler,2.0
peat,spinach,flood,2.0
peat,spinach,furrow,2.0
peat,spinach,basin,2.0
peat,spinach,rainfed,2.0
peat,millets,drip,2.0
peat,millets,sprinkler,2.0
peat,millets,flood,2.0
peat,millets,furrow,2.0
peat,millets,basin,2.0
peat,millets,rainfed,2.0
peat,groundnut,drip,2.0
peat,groundnut,sprinkler,2.0
peat,groundnut,flood,2.0
peat,groundnut,furrow,2.0
peat,groundnut,basin,2.0
peat,groundnut,rainfed,2.0
peat,cashew,drip,2.0
peat,cashew,sprinkler,2.0
peat,cashew,flood,2.0
peat,cashew,furrow,2.0
peat,cashew,basin,2.0
peat,cashew,rainfed,2.0
peat,pineapple,drip,2.0
peat,pineapple,sprinkler,2.0
peat,pineapple,flood,2.0
peat,pineapple,furrow,2.0
peat,pineapple,basin,2.0
peat,pineapple,rainfed,2.0
peat,tea,drip,2.0
peat,tea,sprinkler,2.0
peat,tea,flood,2.0
peat,tea,furrow,2.0
peat,tea,basin,2.0
peat,tea,rainfed,2.0
peat,coffee,drip,2.0
peat,coffee,sprinkler,2.0
peat,coffee,flood,2.0
peat,coffee,furrow,2.0
peat,coffee,basin,2.0
peat,coffee,rainfed,2.0
peat,sunflower,drip,2.0
peat,sunflower,sprinkler,2.0
peat,sunflower,flood,2.0
peat,sunflower,furrow,2.0
peat,sunflower,basin,2.0
peat,sunflower,rainfed,2.0
peat,jute,drip,2.0
peat,jute,sprinkler,2.0
peat,jute,flood,2.0
peat,jute,furrow,2.0
peat,jute,basin,2.0
peat,jute,rainfed,2.0
peat,sugarcane,drip,2.0
peat,sugarcane,sprinkler,2.0
peat,sugarcane,flood,2.0
peat,sugarcane,furrow,2.0
peat,sugarcane,basin,2.0
peat,sugarcane,rainfed,2.0
peat,sugar beet,drip,2.0
peat,sugar beet,sprinkler,2.0
peat,sugar beet,flood,2.0
peat,sugar beet,furrow,2.0
peat,sugar beet,basin,2.0
peat,sugar beet,rainfed,2.0
chalk,wheat,drip,2.0
chalk,wheat,sprinkler,2.0
chalk,wheat,flood,2.0
chalk,wheat,furrow,2.0
chalk,wheat,basin,2.0
chalk,wheat,rainfed,2.0
chalk,rice,drip,2.0
chalk,rice,sprinkler,2.0
chalk,rice,flood,2.0
chalk,rice,furrow,2.0
chalk,rice,basin,2.0
chalk,rice,rainfed,2.0
chalk,cotton,drip,2.0
chalk,cotton,sprinkler,2.0
chalk,cotton,flood,2.0
chalk,cotton,furrow,2.0
chalk,cotton,basin,2.0
chalk,cotton,rainfed,2.0
chalk,vegetables,drip,2.0
chalk,vegetables,sprinkler,2.0
chalk,vegetables,flood,2.0
chalk,vegetables,furrow,2.0
chalk,vegetables,basin,2.0
chalk,vegetables,rainfed,2.0
chalk,pulses,drip,2.0
chalk,pulses,sprinkler,2.0
chalk,pulses,flood,2.0
chalk,pulses,furrow,2.0
chalk,pulses,basin,2.0
chalk,pulses,rainfed,2.0
chalk,peanuts,drip,2.0
chalk,peanuts,sprinkler,2.0
chalk,peanuts,flood,2.0
chalk,peanuts,furrow,2.0
chalk,peanuts,basin,2.0
chalk,peanuts,rainfed,2.0
chalk,watermelon,drip,2.0
chalk,watermelon,sprinkler,2.0
chalk,watermelon,flood,2.0
chalk,watermelon,furrow,2.0
chalk,watermelon,basin,2.0
chalk,watermelon,rainfed,2.0
chalk,potatoes,drip,2.0
chalk,potatoes,sprinkler,2.0
chalk,potatoes,flood,2.0
chalk,potatoes,furrow,2.0
chalk,potatoes,basin,2.0
chalk,potatoes,rainfed,2.0
chalk,carrots,drip,2.0
chalk,carrots,sprinkler,2.0
chalk,carrots,flood,2.0
chalk,carrots,furrow,2.0
chalk,carrots,basin,2.0
chalk,carrots,rainfed,2.0
chalk,cantaloupe,drip,2.0
chalk,cantaloupe,sprinkler,2.0
chalk,cantaloupe,flood,2.0
chalk,cantaloupe,furrow,2.0
chalk,cantaloupe,basin,2.0
chalk,cantaloupe,rainfed,2.0
chalk,soybean,drip,2.0
chalk,soybean,sprinkler,2.0
chalk,soybean,flood,2.0
chalk,soybean,furrow,2.0
chalk,soybean,basin,2.0
chalk,soybean,rainfed,2.0
chalk,broccoli,drip,2.0
chalk,broccoli,sprinkler,2.0
chalk,broccoli,flood,2.0
chalk,broccoli,furrow,2.0
chalk,broccoli,basin,2.0
chalk,broccoli,rainfed,2.0
chalk,cabbage,drip,2.0
chalk,cabbage,sprinkler,2.0
chalk,cabbage,flood,2.0
chalk,cabbage,furrow,2.0
chalk,cabbage,basin,2.0
chalk,cabbage,rainfed,2.0
chalk,tomatoes,drip,2.0
chalk,tomatoes,sprinkler,2.0
chalk,tomatoes,flood,2.0
chalk,tomatoes,furrow,2.0
chalk,tomatoes,basin,2.0
chalk,tomatoes,rainfed,2.0
chalk,onions,drip,2.0
chalk,onions,sprinkler,2.0
chalk,onions,flood,2.0
chalk,onions,furrow,2.0
chalk,onions,basin,2.0
chalk,onions,rainfed,2.0
chalk,garlic,drip,2.0
chalk,garlic,sprinkler,2.0
chalk,garlic,flood,2.0
chalk,garlic,furrow,2.0
chalk,garlic,basin,2.0
chalk,garlic,rainfed,2.0
chalk,peppers,drip,2.0
chalk,peppers,sprinkler,2.0
chalk,peppers,flood,2.0
chalk,peppers,furrow,2.0
chalk,peppers,basin,2.0
chalk,peppers,rainfed,2.0
chalk,lettuce,drip,2.0
chalk,lettuce,sprinkler,2.0
chalk,lettuce,flood,2.0
chalk,lettuce,furrow,2.0
chalk,lettuce,basin,2.0
chalk,lettuce,rainfed,2.0
chalk,celery,drip,2.0
chalk,celery,sprinkler,2.0
chalk,celery,flood,2.0
chalk,celery,furrow,2.0
chalk,celery,basin,2.0
chalk,celery,rainfed,2.0
chalk,barley,drip,2.0
chalk,barley,sprinkler,2.0
chalk,barley,flood,2.0
chalk,barley,furrow,2.0
chalk,barley,basin,2.0
chalk,barley,rainfed,2.0
chalk,beet,drip,2.0
chalk,beet,sprinkler,2.0
chalk,beet,flood,2.0
chalk,beet,furrow,2.0
chalk,beet,basin,2.0
chalk,beet,rainfed,2.0
chalk,spinach,drip,2.0
chalk,spinach,sprinkler,2.0
chalk,spinach,flood,2.0
chalk,spinach,furrow,2.0
chalk,spinach,basin,2.0
chalk,spinach,rainfed,2.0
chalk,millets,drip,2.0
chalk,millets,sprinkler,2.0
chalk,millets,flood,2.0
chalk,millets,furrow,2.0
chalk,millets,basin,2.0
chalk,millets,rainfed,2.0
chalk,groundnut,drip,2.0
chalk,groundnut,sprinkler,2.0
chalk,groundnut,flood,2.0
chalk,groundnut,furrow,2.0
chalk,groundnut,basin,2.0
chalk,groundnut,rainfed,2.0
chalk,cashew,drip,2.0
chalk,cashew,sprinkler,2.0
chalk,cashew,flood,2.0
chalk,cashew,furrow,2.0
chalk,cashew,basin,2.0
chalk,cashew,rainfed,2.0
chalk,pineapple,drip,2.0
chalk,pineapple,sprinkler,2.0
chalk,pineapple,flood,2.0
chalk,pineapple,furrow,2.0
chalk,pineapple,basin,2.0
chalk,pineapple,rainfed,2.0
chalk,tea,drip,2.0
chalk,tea,sprinkler,2.0
chalk,tea,flood,2.0
chalk,tea,furrow,2.0
chalk,tea,basin,2.0
chalk,tea,rainfed,2.0
chalk,coffee,drip,2.0
chalk,coffee,sprinkler,2.0
chalk,coffee,flood,2.0
chalk,coffee,furrow,2.0
chalk,coffee,basin,2.0
chalk,coffee,rainfed,2.0
chalk,sunflower,drip,2.0
chalk,sunflower,sprinkler,2.0
chalk,sunflower,flood,2.0
chalk,sunflower,furrow,2.0
chalk,sunflower,basin,2.0
chalk,sunflower,rainfed,2.0
chalk,jute,drip,2.0
chalk,jute,sprinkler,2.0
chalk,jute,flood,2.0
chalk,jute,furrow,2.0
chalk,jute,basin,2.0
chalk,jute,rainfed,2.0
chalk,sugarcane,drip,2.0
chalk,sugarcane,sprinkler,2.0
chalk,sugarcane,flood,2.0
chalk,sugarcane,furrow,2.0
chalk,sugarcane,basin,2.0
chalk,sugarcane,rainfed,2.0
chalk,sugar beet,drip,2.0
chalk,sugar beet,sprinkler,2.0
chalk,sugar beet,flood,2.0
chalk,sugar beet,furrow,2.0
chalk,sugar beet,basin,2.0
chalk,sugar beet,rainfed,2.0
red,wheat,drip,2.0
red,wheat,sprinkler,2.0
red,wheat,flood,2.0
red,wheat,furrow,2.0
red,wheat,basin,2.0
red,wheat,rainfed,2.0
red,rice,drip,2.0
red,rice,sprinkler,2.0
red,rice,flood,2.0
red,rice,furrow,2.0
red,rice,basin,2.0
red,rice,rainfed,2.0
red,cotton,drip,2.0
red,cotton,sprinkler,2.0
red,cotton,flood,2.0
red,cotton,furrow,2.0
red,cotton,basin,2.0
red,cotton,rainfed,2.0
red,vegetables,drip,2.0
red,vegetables,sprinkler,2.0
red,vegetables,flood,2.0
red,vegetables,furrow,2.0
red,vegetables,basin,2.0
red,vegetables,rainfed,2.0
red,pulses,drip,2.0
red,pulses,sprinkler,2.0
red,pulses,flood,2.0
red,pulses,furrow,2.0
red,pulses,basin,2.0
red,pulses,rainfed,2.0
red,peanuts,drip,2.0
red,peanuts,sprinkler,2.0
red,peanuts,flood,2.0
red,peanuts,furrow,2.0
red,peanuts,basin,2.0
red,peanuts,rainfed,2.0
red,watermelon,drip,2.0
red,watermelon,sprinkler,2.0
red,watermelon,flood,2.0
red,watermelon,furrow,2.0
red,watermelon,basin,2.0
red,watermelon,rainfed,2.0
red,potatoes,drip,2.0
red,potatoes,sprinkler,2.0
red,potatoes,flood,2.0
red,potatoes,furrow,2.0
red,potatoes,basin,2.0
red,potatoes,rainfed,2.0
red,carrots,drip,2.0
red,carrots,sprinkler,2.0
red,carrots,flood,2.0
red,carrots,furrow,2.0
red,carrots,basin,2.0
red,carrots,rainfed,2.0
red,cantaloupe,drip,2.0
red,cantaloupe,sprinkler,2.0
red,cantaloupe,flood,2.0
red,cantaloupe,furrow,2.0
red,cantaloupe,basin,2.0
red,cantaloupe,rainfed,2.0
red,soybean,drip,2.0
red,soybean,sprinkler,2.0
red,soybean,flood,2.0
red,soybean,furrow,2.0
red,soybean,basin,2.0
red,soybean,rainfed,2.0
red,broccoli,drip,2.0
red,broccoli,sprinkler,2.0
red,broccoli,flood,2.0
red,broccoli,furrow,2.0
red,broccoli,basin,2.0
red,broccoli,rainfed,2.0
red,cabbage,drip,2.0
red,cabbage,sprinkler,2.0
red,cabbage,flood,2.0
red,cabbage,furrow,2.0
red,cabbage,basin,2.0
red,cabbage,rainfed,2.0
red,tomatoes,drip,2.0
red,tomatoes,sprinkler,2.0
red,tomatoes,flood,2.0
red,tomatoes,furrow,2.0
red,tomatoes,basin,2.0
red,tomatoes,rainfed,2.0
red,onions,drip,2.0
red,onions,sprinkler,2.0
red,onions,flood,2.0
red,onions,furrow,2.0
red,onions,basin,2.0
red,onions,rainfed,2.0
red,garlic,drip,2.0
red,garlic,sprinkler,2.0
red,garlic,flood,2.0
red,garlic,furrow,2.0
red,garlic,basin,2.0
red,garlic,rainfed,2.0
red,peppers,drip,2.0
red,peppers,sprinkler,2.0
red,peppers,flood,2.0
red,peppers,furrow,2.0
red,peppers,basin,2.0
red,peppers,rainfed,2.0
red,lettuce,drip,2.0
red,lettuce,sprinkler,2.0
red,lettuce,flood,2.0
red,lettuce,furrow,2.0
red,lettuce,basin,2.0
red,lettuce,rainfed,2.0
red,celery,drip,2.0
red,celery,sprinkler,2.0
red,celery,flood,2.0
red,celery,furrow,2.0
red,celery,basin,2.0
red,celery,rainfed,2.0
red,barley,drip,2.0
red,barley,sprinkler,2.0
red,barley,flood,2.0
red,barley,furrow,2.0
red,barley,basin,2.0
red,barley,rainfed,2.0
red,beet,drip,2.0
red,beet,sprinkler,2.0
red,beet,flood,2.0
red,beet,furrow,2.0
red,beet,basin,2.0
red,beet,rainfed,2.0
red,spinach,drip,2.0
red,spinach,sprinkler,2.0
red,spinach,flood,2.0
red,spinach,furrow,2.0
red,spinach,basin,2.0
red,spinach,rainfed,2.0
red,millets,drip,2.0
red,millets,sprinkler,2.0
red,millets,flood,2.0
red,millets,furrow,2.0
red,millets,basin,2.0
red,millets,rainfed,2.0
red,groundnut,drip,2.0
red,groundnut,sprinkler,2.0
red,groundnut,flood,2.0
red,groundnut,furrow,2.0
red,groundnut,basin,2.0
red,groundnut,rainfed,2.0
red,cashew,drip,2.0
red,cashew,sprinkler,2.0
red,cashew,flood,2.0
red,cashew,furrow,2.0
red,cashew,basin,2.0
red,cashew,rainfed,2.0
red,pineapple,drip,2.0
red,pineapple,sprinkler,2.0
red,pineapple,flood,2.0
red,pineapple,furrow,2.0
red,pineapple,basin,2.0
red,pineapple,rainfed,2.0
red,tea,drip,2.0
red,tea,sprinkler,2.0
red,tea,flood,2.0
red,tea,furrow,2.0
red,tea,basin,2.0
red,tea,rainfed,2.0
red,coffee,drip,2.0
red,coffee,sprinkler,2.0
red,coffee,flood,2.0
red,coffee,furrow,2.0
red,coffee,basin,2.0
red,coffee,rainfed,2.0
red,sunflower,drip,2.0
red,sunflower,sprinkler,2.0
red,sunflower,flood,2.0
red,sunflower,furrow,2.0
red,sunflower,basin,2.0
red,sunflower,rainfed,2.0
red,jute,drip,2.0
red,jute,sprinkler,2.0
red,jute,flood,2.0
red,jute,furrow,2.0
red,jute,basin,2.0
red,jute,rainfed,2.0
red,sugarcane,drip,2.0
red,sugarcane,sprinkler,2.0
red,sugarcane,flood,2.0
red,sugarcane,furrow,2.0
red,sugarcane,basin,2.0
red,sugarcane,rainfed,2.0
red,sugar beet,drip,2.0
red,sugar beet,sprinkler,2.0
red,sugar beet,flood,2.0
red,sugar beet,furrow,2.0
red,sugar beet,basin,2.0
red,sugar beet,rainfed,2.0
laterite,wheat,drip,2.0
laterite,wheat,sprinkler,2.0
laterite,wheat,flood,2.0
laterite,wheat,furrow,2.0
laterite,wheat,basin,2.0
laterite,wheat,rainfed,2.0
laterite,rice,drip,2.0
laterite,rice,sprinkler,2.0
laterite,rice,flood,2.0
laterite,rice,furrow,2.0
laterite,rice,basin,2.0
laterite,rice,rainfed,2.0
laterite,cotton,drip,2.0
laterite,cotton,sprinkler,2.0
laterite,cotton,flood,2.0
laterite,cotton,furrow,2.0
laterite,cotton,basin,2.0
laterite,cotton,rainfed,2.0
laterite,vegetables,drip,2.0
laterite,vegetables,sprinkler,2.0
laterite,vegetables,flood,2.0
laterite,vegetables,furrow,2.0
laterite,vegetables,basin,2.0
laterite,vegetables,rainfed,2.0
laterite,pulses,drip,2.0
laterite,pulses,sprinkler,2.0
laterite,pulses,flood,2.0
laterite,pulses,furrow,2.0
laterite,pulses,basin,2.0
laterite,pulses,rainfed,2.0
laterite,peanuts,drip,2.0
laterite,peanuts,sprinkler,2.0
laterite,peanuts,flood,2.0
laterite,peanuts,furrow,2.0
laterite,peanuts,basin,2.0
laterite,peanuts,rainfed,2.0
laterite,watermelon,drip,2.0
laterite,watermelon,sprinkler,2.0
laterite,watermelon,flood,2.0
laterite,watermelon,furrow,2.0
laterite,watermelon,basin,2.0
laterite,watermelon,rainfed,2.0
laterite,potatoes,drip,2.0
laterite,potatoes,sprinkler,2.0
laterite,potatoes,flood,2.0
laterite,potatoes,furrow,2.0
laterite,potatoes,basin,2.0
laterite,potatoes,rainfed,2.0
laterite,carrots,drip,2.0
laterite,carrots,sprinkler,2.0
laterite,carrots,flood,2.0
laterite,carrots,furrow,2.0
laterite,carrots,basin,2.0
laterite,carrots,rainfed,2.0
laterite,cantaloupe,drip,2.0
laterite,cantaloupe,sprinkler,2.0
laterite,cantaloupe,flood,2.0
laterite,cantaloupe,furrow,2.0
laterite,cantaloupe,basin,2.0
laterite,cantaloupe,rainfed,2.0
laterite,soybean,drip,2.0
laterite,soybean,sprinkler,2.0
laterite,soybean,flood,2.0
laterite,soybean,furrow,2.0
laterite,soybean,basin,2.0
laterite,soybean,rainfed,2.0
laterite,broccoli,drip,2.0
laterite,broccoli,sprinkler,2.0
laterite,broccoli,flood,2.0
laterite,broccoli,furrow,2.0
laterite,broccoli,basin,2.0
laterite,broccoli,rainfed,2.0
laterite,cabbage,drip,2.0
laterite,cabbage,sprinkler,2.0
laterite,cabbage,flood,2.0
laterite,cabbage,furrow,2.0
laterite,cabbage,basin,2.0
laterite,cabbage,rainfed,2.0
laterite,tomatoes,drip,2.0
laterite,tomatoes,sprinkler,2.0
laterite,tomatoes,flood,2.0
laterite,tomatoes,furrow,2.0
laterite,tomatoes,basin,2.0
laterite,tomatoes,rainfed,2.0
laterite,onions,drip,2.0
laterite,onions,sprinkler,2.0
laterite,onions,flood,2.0
laterite,onions,furrow,2.0
laterite,onions,basin,2.0
laterite,onions,rainfed,2.0
laterite,garlic,drip,2.0
laterite,garlic,sprinkler,2.0
laterite,garlic,flood,2.0
laterite,garlic,furrow,2.0
laterite,garlic,basin,2.0
laterite,garlic,rainfed,2.0
laterite,peppers,drip,2.0
laterite,peppers,sprinkler,2.0
laterite,peppers,flood,2.0
laterite,peppers,furrow,2.0
laterite,peppers,basin,2.0
laterite,peppers,rainfed,2.0
laterite,lettuce,drip,2.0
laterite,lettuce,sprinkler,2.0
laterite,lettuce,flood,2.0
laterite,lettuce,furrow,2.0
laterite,lettuce,basin,2.0
laterite,lettuce,rainfed,2.0
laterite,celery,drip,2.0
laterite,celery,sprinkler,2.0
laterite,celery,flood,2.0
laterite,celery,furrow,2.0
laterite,celery,basin,2.0
laterite,celery,rainfed,2.0
laterite,barley,drip,2.0
laterite,barley,sprinkler,2.0
laterite,barley,flood,2.0
laterite,barley,furrow,2.0
laterite,barley,basin,2.0
laterite,barley,rainfed,2.0
laterite,beet,drip,2.0
laterite,beet,sprinkler,2.0
laterite,beet,flood,2.0
laterite,beet,furrow,2.0
laterite,beet,basin,2.0
laterite,beet,rainfed,2.0
laterite,spinach,drip,2.0
laterite,spinach,sprinkler,2.0
laterite,spinach,flood,2.0
laterite,spinach,furrow,2.0
laterite,spinach,basin,2.0
laterite,spinach,rainfed,2.0
laterite,millets,drip,2.0
laterite,millets,sprinkler,2.0
laterite,millets,flood,2.0
laterite,millets,furrow,2.0
laterite,millets,basin,2.0
laterite,millets,rainfed,2.0
laterite,groundnut,drip,2.0
laterite,groundnut,sprinkler,2.0
laterite,groundnut,flood,2.0
laterite,groundnut,furrow,2.0
laterite,groundnut,basin,2.0
laterite,groundnut,rainfed,2.0
laterite,cashew,drip,2.0
laterite,cashew,sprinkler,2.0
laterite,cashew,flood,2.0
laterite,cashew,furrow,2.0
laterite,cashew,basin,2.0
laterite,cashew,rainfed,2.0
laterite,pineapple,drip,2.0
laterite,pineapple,sprinkler,2.0
laterite,pineapple,flood,2.0
laterite,pineapple,furrow,2.0
laterite,pineapple,basin,2.0
laterite,pineapple,rainfed,2.0
laterite,tea,drip,2.0
laterite,tea,sprinkler,2.0
laterite,tea,flood,2.0
laterite,tea,furrow,2.0
laterite,tea,basin,2.0
laterite,tea,rainfed,2.0
laterite,coffee,drip,2.0
laterite,coffee,sprinkler,2.0
laterite,coffee,flood,2.0
laterite,coffee,furrow,2.0
laterite,coffee,basin,2.0
laterite,coffee,rainfed,2.0
laterite,sunflower,drip,2.0
laterite,sunflower,sprinkler,2.0
laterite,sunflower,flood,2.0
laterite,sunflower,furrow,2.0
laterite,sunflower,basin,2.0
laterite,sunflower,rainfed,2.0
laterite,jute,drip,2.0
laterite,jute,sprinkler,2.0
laterite,jute,flood,2.0
laterite,jute,furrow,2.0
laterite,jute,basin,2.0
laterite,jute,rainfed,2.0
laterite,sugarcane,drip,2.0
laterite,sugarcane,sprinkler,2.0
laterite,sugarcane,flood,2.0
laterite,sugarcane,furrow,2.0
laterite,sugarcane,basin,2.0
laterite,sugarcane,rainfed,2.0
laterite,sugar beet,drip,2.0
laterite,sugar beet,sprinkler,2.0
laterite,sugar beet,flood,2.0
laterite,sugar beet,furrow,2.0
laterite,sugar beet,basin,2.0
laterite,sugar beet,rainfed,2.0
black,wheat,drip,2.0
black,wheat,sprinkler,2.0
black,wheat,flood,2.0
black,wheat,furrow,2.0
black,wheat,basin,2.0
black,wheat,rainfed,2.0
black,rice,drip,2.0
black,rice,sprinkler,2.0
black,rice,flood,2.0
black,rice,furrow,2.0
black,rice,basin,2.0
black,rice,rainfed,2.0
black,cotton,drip,2.0
black,cotton,sprinkler,2.0
black,cotton,flood,2.0
black,cotton,furrow,2.0
black,cotton,basin,2.0
black,cotton,rainfed,2.0
black,vegetables,drip,2.0
black,vegetables,sprinkler,2.0
black,vegetables,flood,2.0
black,vegetables,furrow,2.0
black,vegetables,basin,2.0
black,vegetables,rainfed,2.0
black,pulses,drip,2.0
black,pulses,sprinkler,2.0
black,pulses,flood,2.0
black,pulses,furrow,2.0
black,pulses,basin,2.0
black,pulses,rainfed,2.0
black,peanuts,drip,2.0
black,peanuts,sprinkler,2.0
black,peanuts,flood,2.0
black,peanuts,furrow,2.0
black,peanuts,basin,2.0
black,peanuts,rainfed,2.0
black,watermelon,drip,2.0
black,watermelon,sprinkler,2.0
black,watermelon,flood,2.0
black,watermelon,furrow,2.0
black,watermelon,basin,2.0
black,watermelon,rainfed,2.0
black,potatoes,drip,2.0
black,potatoes,sprinkler,2.0
black,potatoes,flood,2.0
black,potatoes,furrow,2.0
black,potatoes,basin,2.0
black,potatoes,rainfed,2.0
black,carrots,drip,2.0
black,carrots,sprinkler,2.0
black,carrots,flood,2.0
black,carrots,furrow,2.0
black,carrots,basin,2.0
black,carrots,rainfed,2.0
black,cantaloupe,drip,2.0
black,cantaloupe,sprinkler,2.0
black,cantaloupe,flood,2.0
black,cantaloupe,furrow,2.0
black,cantaloupe,basin,2.0
black,cantaloupe,rainfed,2.0
black,soybean,drip,2.0
black,soybean,sprinkler,2.0
black,soybean,flood,2.0
black,soybean,furrow,2.0
black,soybean,basin,2.0
black,soybean,rainfed,2.0
black,broccoli,drip,2.0
black,broccoli,sprinkler,2.0
black,broccoli,flood,2.0
black,broccoli,furrow,2.0
black,broccoli,basin,2.0
black,broccoli,rainfed,2.0
black,cabbage,drip,2.0
black,cabbage,sprinkler,2.0
black,cabbage,flood,2.0
black,cabbage,furrow,2.0
black,cabbage,basin,2.0
black,cabbage,rainfed,2.0
black,tomatoes,drip,2.0
black,tomatoes,sprinkler,2.0
black,tomatoes,flood,2.0
black,tomatoes,furrow,2.0
black,tomatoes,basin,2.0
black,tomatoes,rainfed,2.0
black,onions,drip,2.0
black,onions,sprinkler,2.0
black,onions,flood,2.0
black,onions,furrow,2.0
black,onions,basin,2.0
black,onions,rainfed,2.0
black,garlic,drip,2.0
black,garlic,sprinkler,2.0
black,garlic,flood,2.0
black,garlic,furrow,2.0
black,garlic,basin,2.0
black,garlic,rainfed,2.0
black,peppers,drip,2.0
black,peppers,sprinkler,2.0
black,peppers,flood,2.0
black,peppers,furrow,2.0
black,peppers,basin,2.0
black,peppers,rainfed,2.0
black,lettuce,drip,2.0
black,lettuce,sprinkler,2.0
black,lettuce,flood,2.0
black,lettuce,furrow,2.0
black,lettuce,basin,2.0
black,lettuce,rainfed,2.0
black,celery,drip,2.0
black,celery,sprinkler,2.0
black,celery,flood,2.0
black,celery,furrow,2.0
black,celery,basin,2.0
black,celery,rainfed,2.0
black,barley,drip,2.0
black,barley,sprinkler,2.0
black,barley,flood,2.0
black,barley,furrow,2.0
black,barley,basin,2.0
black,barley,rainfed,2.0
black,beet,drip,2.0
black,beet,sprinkler,2.0
black,beet,flood,2.0
black,beet,furrow,2.0
black,beet,basin,2.0
black,beet,rainfed,2.0
black,spinach,drip,2.0
black,spinach,sprinkler,2.0
black,spinach,flood,2.0
black,spinach,furrow,2.0
black,spinach,basin,2.0
black,spinach,rainfed,2.0
black,millets,drip,2.0
black,millets,sprinkler,2.0
black,millets,flood,2.0
black,millets,furrow,2.0
black,millets,basin,2.0
black,millets,rainfed,2.0
black,groundnut,drip,2.0
black,groundnut,sprinkler,2.0
black,groundnut,flood,2.0
black,groundnut,furrow,2.0
black,groundnut,basin,2.0
black,groundnut,rainfed,2.0
black,cashew,drip,2.0
black,cashew,sprinkler,2.0
black,cashew,flood,2.0
black,cashew,furrow,2.0
black,cashew,basin,2.0
black,cashew,rainfed,2.0
black,pineapple,drip,2.0
black,pineapple,sprinkler,2.0
black,pineapple,flood,2.0
black,pineapple,furrow,2.0
black,pineapple,basin,2.0
black,pineapple,rainfed,2.0
black,tea,drip,2.0
black,tea,sprinkler,2.0
black,tea,flood,2.0
black,tea,furrow,2.0
black,tea,basin,2.0
black,tea,rainfed,2.0
black,coffee,drip,2.0
black,coffee,sprinkler,2.0
black,coffee,flood,2.0
black,coffee,furrow,2.0
black,coffee,basin,2.0
black,coffee,rainfed,2.0
black,sunflower,drip,2.0
black,sunflower,sprinkler,2.0
black,sunflower,flood,2.0
black,sunflower,furrow,2.0
black,sunflower,basin,2.0
black,sunflower,rainfed,2.0
black,jute,drip,2.0
black,jute,sprinkler,2.0
black,jute,flood,2.0
black,jute,furrow,2.0
black,jute,basin,2.0
black,jute,rainfed,2.0
black,sugarcane,drip,2.0
black,sugarcane,sprinkler,2.0
black,sugarcane,flood,2.0
black,sugarcane,furrow,2.0
black,sugarcane,basin,2.0
black,sugarcane,rainfed,2.0
black,sugar beet,drip,2.0
black,sugar beet,sprinkler,2.0
black,sugar beet,flood,2.0
black,sugar beet,furrow,2.0
black,sugar beet,basin,2.0
black,sugar beet,rainfed,2.0
alluvial,wheat,drip,2.0
alluvial,wheat,sprinkler,2.0
alluvial,wheat,flood,2.0
alluvial,wheat,furrow,2.0
alluvial,wheat,basin,2.0
alluvial,wheat,rainfed,2.0
alluvial,rice,drip,2.0
alluvial,rice,sprinkler,2.0
alluvial,rice,flood,2.0
alluvial,rice,furrow,2.0
alluvial,rice,basin,2.0
alluvial,rice,rainfed,2.0
alluvial,cotton,drip,2.0
alluvial,cotton,sprinkler,2.0
alluvial,cotton,flood,2.0
alluvial,cotton,furrow,2.0
alluvial,cotton,basin,2.0
alluvial,cotton,rainfed,2.0
alluvial,vegetables,drip,2.0
alluvial,vegetables,sprinkler,2.0
alluvial,vegetables,flood,2.0
alluvial,vegetables,furrow,2.0
alluvial,vegetables,basin,2.0
alluvial,vegetables,rainfed,2.0
alluvial,pulses,drip,2.0
alluvial,pulses,sprinkler,2.0
alluvial,pulses,flood,2.0
alluvial,pulses,furrow,2.0
alluvial,pulses,basin,2.0
alluvial,pulses,rainfed,2.0
alluvial,peanuts,drip,2.0
alluvial,peanuts,sprinkler,2.0
alluvial,peanuts,flood,2.0
alluvial,peanuts,furrow,2.0
alluvial,peanuts,basin,2.0
alluvial,peanuts,rainfed,2.0
alluvial,watermelon,drip,2.0
alluvial,watermelon,sprinkler,2.0
alluvial,watermelon,flood,2.0
alluvial,watermelon,furrow,2.0
alluvial,watermelon,basin,2.0
alluvial,watermelon,rainfed,2.0
alluvial,potatoes,drip,2.0
alluvial,potatoes,sprinkler,2.0
alluvial,potatoes,flood,2.0
alluvial,potatoes,furrow,2.0
alluvial,potatoes,basin,2.0
alluvial,potatoes,rainfed,2.0
alluvial,carrots,drip,2.0
alluvial,carrots,sprinkler,2.0
alluvial,carrots,flood,2.0
alluvial,carrots,furrow,2.0
alluvial,carrots,basin,2.0
alluvial,carrots,rainfed,2.0
alluvial,cantaloupe,drip,2.0
alluvial,cantaloupe,sprinkler,2.0
alluvial,cantaloupe,flood,2.0
alluvial,cantaloupe,furrow,2.0
alluvial,cantaloupe,basin,2.0
alluvial,cantaloupe,rainfed,2.0
alluvial,soybean,drip,2.0
alluvial,soybean,sprinkler,2.0
alluvial,soybean,flood,2.0
alluvial,soybean,furrow,2.0
alluvial,soybean,basin,2.0
alluvial,soybean,rainfed,2.0
alluvial,broccoli,drip,2.0
alluvial,broccoli,sprinkler,2.0
alluvial,broccoli,flood,2.0
alluvial,broccoli,furrow,2.0
alluvial,broccoli,basin,2.0
alluvial,broccoli,rainfed,2.0
alluvial,cabbage,drip,2.0
alluvial,cabbage,sprinkler,2.0
alluvial,cabbage,flood,2.0
alluvial,cabbage,furrow,2.0
alluvial,cabbage,basin,2.0
alluvial,cabbage,rainfed,2.0
alluvial,tomatoes,drip,2.0
alluvial,tomatoes,sprinkler,2.0
alluvial,tomatoes,flood,2.0
alluvial,tomatoes,furrow,2.0
alluvial,tomatoes,basin,2.0
alluvial,tomatoes,rainfed,2.0
alluvial,onions,drip,2.0
alluvial,onions,sprinkler,2.0
alluvial,onions,flood,2.0
alluvial,onions,furrow,2.0
alluvial,onions,basin,2.0
alluvial,onions,rainfed,2.0
alluvial,garlic,drip,2.0
alluvial,garlic,sprinkler,2.0
alluvial,garlic,flood,2.0
alluvial,garlic,furrow,2.0
alluvial,garlic,basin,2.0
alluvial,garlic,rainfed,2.0
alluvial,peppers,drip,2.0
alluvial,peppers,sprinkler,2.0
alluvial,peppers,flood,2.0
alluvial,peppers,furrow,2.0
alluvial,peppers,basin,2.0
alluvial,peppers,rainfed,2.0
alluvial,lettuce,drip,2.0
alluvial,lettuce,sprinkler,2.0
alluvial,lettuce,flood,2.0
alluvial,lettuce,furrow,2.0
alluvial,lettuce,basin,2.0
alluvial,lettuce,rainfed,2.0
alluvial,celery,drip,2.0
alluvial,celery,sprinkler,2.0
alluvial,celery,flood,2.0
alluvial,celery,furrow,2.0
alluvial,celery,basin,2.0
alluvial,celery,rainfed,2.0
alluvial,barley,drip,2.0
alluvial,barley,sprinkler,2.0
alluvial,barley,flood,2.0
alluvial,barley,furrow,2.0
alluvial,barley,basin,2.0
alluvial,barley,rainfed,2.0
alluvial,beet,drip,2.0
alluvial,beet,sprinkler,2.0
alluvial,beet,flood,2.0
alluvial,beet,furrow,2.0
alluvial,beet,basin,2.0
alluvial,beet,rainfed,2.0
alluvial,spinach,drip,2.0
alluvial,spinach,sprinkler,2.0
alluvial,spinach,flood,2.0
alluvial,spinach,furrow,2.0
alluvial,spinach,basin,2.0
alluvial,spinach,rainfed,2.0
alluvial,millets,drip,2.0
alluvial,millets,sprinkler,2.0
alluvial,millets,flood,2.0
alluvial,millets,furrow,2.0
alluvial,millets,basin,2.0
alluvial,millets,rainfed,2.0
alluvial,groundnut,drip,2.0
alluvial,groundnut,sprinkler,2.0
alluvial,groundnut,flood,2.0
alluvial,groundnut,furrow,2.0
alluvial,groundnut,basin,2.0
alluvial,groundnut,rainfed,2.0
alluvial,cashew,drip,2.0
alluvial,cashew,sprinkler,2.0
alluvial,cashew,flood,2.0
alluvial,cashew,furrow,2.0
alluvial,cashew,basin,2.0
alluvial,cashew,rainfed,2.0
alluvial,pineapple,drip,2.0
alluvial,pineapple,sprinkler,2.0
alluvial,pineapple,flood,2.0
alluvial,pineapple,furrow,2.0
alluvial,pineapple,basin,2.0
alluvial,pineapple,rainfed,2.0
alluvial,tea,drip,2.0
alluvial,tea,sprinkler,2.0
alluvial,tea,flood,2.0
alluvial,tea,furrow,2.0
alluvial,tea,basin,2.0
alluvial,tea,rainfed,2.0
alluvial,coffee,drip,2.0
alluvial,coffee,sprinkler,2.0
alluvial,coffee,flood,2.0
alluvial,coffee,furrow,2.0
alluvial,coffee,basin,2.0
alluvial,coffee,rainfed,2.0
alluvial,sunflower,drip,2.0
alluvial,sunflower,sprinkler,2.0
alluvial,sunflower,flood,2.0
alluvial,sunflower,furrow,2.0
alluvial,sunflower,basin,2.0
alluvial,sunflower,rainfed,2.0
alluvial,jute,drip,2.0
alluvial,jute,sprinkler,2.0
alluvial,jute,flood,2.0
alluvial,jute,furrow,2.0
alluvial,jute,basin,2.0
alluvial,jute,rainfed,2.0
alluvial,sugarcane,drip,2.0
alluvial,sugarcane,sprinkler,2.0
alluvial,sugarcane,flood,2.0
alluvial,sugarcane,furrow,2.0
alluvial,sugarcane,basin,2.0
alluvial,sugarcane,rainfed,2.0
alluvial,sugar beet,drip,2.0
alluvial,sugar beet,sprinkler,2.0
alluvial,sugar beet,flood,2.0
alluvial,sugar beet,furrow,2.0
alluvial,sugar beet,basin,2.0
alluvial,sugar beet,rainfed,2.0
saline,wheat,drip,2.0
saline,wheat,sprinkler,2.0
saline,wheat,flood,2.0
saline,wheat,furrow,2.0
saline,wheat,basin,2.0
saline,wheat,rainfed,2.0
saline,rice,drip,2.0
saline,rice,sprinkler,2.0
saline,rice,flood,2.0
saline,rice,furrow,2.0
saline,rice,basin,2.0
saline,rice,rainfed,2.0
saline,cotton,drip,2.0
saline,cotton,sprinkler,2.0
saline,cotton,flood,2.0
saline,cotton,furrow,2.0
saline,cotton,basin,2.0
saline,cotton,rainfed,2.0
saline,vegetables,drip,2.0
saline,vegetables,sprinkler,2.0
saline,vegetables,flood,2.0
saline,vegetables,furrow,2.0
saline,vegetables,basin,2.0
saline,vegetables,rainfed,2.0
saline,pulses,drip,2.0
saline,pulses,sprinkler,2.0
saline,pulses,flood,2.0
saline,pulses,furrow,2.0
saline,pulses,basin,2.0
saline,pulses,rainfed,2.0
saline,peanuts,drip,2.0
saline,peanuts,sprinkler,2.0
saline,peanuts,flood,2.0
saline,peanuts,furrow,2.0
saline,peanuts,basin,2.0
saline,peanuts,rainfed,2.0
saline,watermelon,drip,2.0
saline,watermelon,sprinkler,2.0
saline,watermelon,flood,2.0
saline,watermelon,furrow,2.0
saline,watermelon,basin,2.0
saline,watermelon,rainfed,2.0
saline,potatoes,drip,2.0
saline,potatoes,sprinkler,2.0
saline,potatoes,flood,2.0
saline,potatoes,furrow,2.0
saline,potatoes,basin,2.0
saline,potatoes,rainfed,2.0
saline,carrots,drip,2.0
saline,carrots,sprinkler,2.0
saline,carrots,flood,2.0
saline,carrots,furrow,2.0
saline,carrots,basin,2.0
saline,carrots,rainfed,2.0
saline,cantaloupe,drip,2.0
saline,cantaloupe,sprinkler,2.0
saline,cantaloupe,flood,2.0
saline,cantaloupe,furrow,2.0
saline,cantaloupe,basin,2.0
saline,cantaloupe,rainfed,2.0
saline,soybean,drip,2.0
saline,soybean,sprinkler,2.0
saline,soybean,flood,2.0
saline,soybean,furrow,2.0
saline,soybean,basin,2.0
saline,soybean,rainfed,2.0
saline,broccoli,drip,2.0
saline,broccoli,sprinkler,2.0
saline,broccoli,flood,2.0
saline,broccoli,furrow,2.0
saline,broccoli,basin,2.0
saline,broccoli,rainfed,2.0
saline,cabbage,drip,2.0
saline,cabbage,sprinkler,2.0
saline,cabbage,flood,2.0
saline,cabbage,furrow,2.0
saline,cabbage,basin,2.0
saline,cabbage,rainfed,2.0
saline,tomatoes,drip,2.0
saline,tomatoes,sprinkler,2.0
saline,tomatoes,flood,2.0
saline,tomatoes,furrow,2.0
saline,tomatoes,basin,2.0
saline,tomatoes,rainfed,2.0
saline,onions,drip,2.0
saline,onions,sprinkler,2.0
saline,onions,flood,2.0
saline,onions,furrow,2.0
saline,onions,basin,2.0
saline,onions,rainfed,2.0
saline,garlic,drip,2.0
saline,garlic,sprinkler,2.0
saline,garlic,flood,2.0
saline,garlic,furrow,2.0
saline,garlic,basin,2.0
saline,garlic,rainfed,2.0
saline,peppers,drip,2.0
saline,peppers,sprinkler,2.0
saline,peppers,flood,2.0
saline,peppers,furrow,2.0
saline,peppers,basin,2.0
saline,peppers,rainfed,2.0
saline,lettuce,drip,2.0
saline,lettuce,sprinkler,2.0
saline,lettuce,flood,2.0
saline,lettuce,furrow,2.0
saline,lettuce,basin,2.0
saline,lettuce,rainfed,2.0
saline,celery,drip,2.0
saline,celery,sprinkler,2.0
saline,celery,flood,2.0
saline,celery,furrow,2.0
saline,celery,basin,2.0
saline,celery,rainfed,2.0
saline,barley,drip,2.0
saline,barley,sprinkler,2.0
saline,barley,flood,2.0
saline,barley,furrow,2.0
saline,barley,basin,2.0
saline,barley,rainfed,2.0
saline,beet,drip,2.0
saline,beet,sprinkler,2.0
saline,beet,flood,2.0
saline,beet,furrow,2.0
saline,beet,basin,2.0
saline,beet,rainfed,2.0
saline,spinach,drip,2.0
saline,spinach,sprinkler,2.0
saline,spinach,flood,2.0
saline,spinach,furrow,2.0
saline,spinach,basin,2.0
saline,spinach,rainfed,2.0
saline,millets,drip,2.0
saline,millets,sprinkler,2.0
saline,millets,flood,2.0
saline,millets,furrow,2.0
saline,millets,basin,2.0
saline,millets,rainfed,2.0
saline,groundnut,drip,2.0
saline,groundnut,sprinkler,2.0
saline,groundnut,flood,2.0
saline,groundnut,furrow,2.0
saline,groundnut,basin,2.0
saline,groundnut,rainfed,2.0
saline,cashew,drip,2.0
saline,cashew,sprinkler,2.0
saline,cashew,flood,2.0
saline,cashew,furrow,2.0
saline,cashew,basin,2.0
saline,cashew,rainfed,2.0
saline,pineapple,drip,2.0
saline,pineapple,sprinkler,2.0
saline,pineapple,flood,2.0
saline,pineapple,furrow,2.0
saline,pineapple,basin,2.0
saline,pineapple,rainfed,2.0
saline,tea,drip,2.0
saline,tea,sprinkler,2.0
saline,tea,flood,2.0
saline,tea,furrow,2.0
saline,tea,basin,2.0
saline,tea,rainfed,2.0
saline,coffee,drip,2.0
saline,coffee,sprinkler,2.0
saline,coffee,flood,2.0
saline,coffee,furrow,2.0
saline,coffee,basin,2.0
saline,coffee,rainfed,2.0
saline,sunflower,drip,2.0
saline,sunflower,sprinkler,2.0
saline,sunflower,flood,2.0
saline,sunflower,furrow,2.0
saline,sunflower,basin,2.0
saline,sunflower,rainfed,2.0
saline,jute,drip,2.0
saline,jute,sprinkler,2.0
saline,jute,flood,2.0
saline,jute,furrow,2.0
saline,jute,basin,2.0
saline,jute,rainfed,2.0
saline,sugarcane,drip,2.0
saline,sugarcane,sprinkler,2.0
saline,sugarcane,flood,2.0
saline,sugarcane,furrow,2.0
saline,sugarcane,basin,2.0
saline,sugarcane,rainfed,2.0
saline,sugar beet,drip,2.0
saline,sugar beet,sprinkler,2.0
saline,sugar beet,flood,2.0
saline,sugar beet,furrow,2.0
saline,sugar beet,basin,2.0
saline,sugar beet,rainfed,2.0
peaty,wheat,drip,2.0
peaty,wheat,sprinkler,2.0
peaty,wheat,flood,2.0
peaty,wheat,furrow,2.0
peaty,wheat,basin,2.0
peaty,wheat,rainfed,2.0
peaty,rice,drip,2.0
peaty,rice,sprinkler,2.0
peaty,rice,flood,2.0
peaty,rice,furrow,2.0
peaty,rice,basin,2.0
peaty,rice,rainfed,2.0
peaty,cotton,drip,2.0
peaty,cotton,sprinkler,2.0
peaty,cotton,flood,2.0
peaty,cotton,furrow,2.0
peaty,cotton,basin,2.0
peaty,cotton,rainfed,2.0
peaty,vegetables,drip,2.0
peaty,vegetables,sprinkler,2.0
peaty,vegetables,flood,2.0
peaty,vegetables,furrow,2.0
peaty,vegetables,basin,2.0
peaty,vegetables,rainfed,2.0
peaty,pulses,drip,2.0
peaty,pulses,sprinkler,2.0
peaty,pulses,flood,2.0
peaty,pulses,furrow,2.0
peaty,pulses,basin,2.0
peaty,pulses,rainfed,2.0
peaty,peanuts,drip,2.0
peaty,peanuts,sprinkler,2.0
peaty,peanuts,flood,2.0
peaty,peanuts,furrow,2.0
peaty,peanuts,basin,2.0
peaty,peanuts,rainfed,2.0
peaty,watermelon,drip,2.0
peaty,watermelon,sprinkler,2.0
peaty,watermelon,flood,2.0
peaty,watermelon,furrow,2.0
peaty,watermelon,basin,2.0
peaty,watermelon,rainfed,2.0
peaty,potatoes,drip,2.0
peaty,potatoes,sprinkler,2.0
peaty,potatoes,flood,2.0
peaty,potatoes,furrow,2.0
peaty,potatoes,basin,2.0
peaty,potatoes,rainfed,2.0
peaty,carrots,drip,2.0
peaty,carrots,sprinkler,2.0
peaty,carrots,flood,2.0
peaty,carrots,furrow,2.0
peaty,carrots,basin,2.0
peaty,carrots,rainfed,2.0
peaty,cantaloupe,drip,2.0
peaty,cantaloupe,sprinkler,2.0
peaty,cantaloupe,flood,2.0
peaty,cantaloupe,furrow,2.0
peaty,cantaloupe,basin,2.0
peaty,cantaloupe,rainfed,2.0
peaty,soybean,drip,2.0
peaty,soybean,sprinkler,2.0
peaty,soybean,flood,2.0
peaty,soybean,furrow,2.0
peaty,soybean,basin,2.0
peaty,soybean,rainfed,2.0
peaty,broccoli,drip,2.0
peaty,broccoli,sprinkler,2.0
peaty,broccoli,flood,2.0
peaty,broccoli,furrow,2.0
peaty,broccoli,basin,2.0
peaty,broccoli,rainfed,2.0
peaty,cabbage,drip,2.0
peaty,cabbage,sprinkler,2.0
peaty,cabbage,flood,2.0
peaty,cabbage,furrow,2.0
peaty,cabbage,basin,2.0
peaty,cabbage,rainfed,2.0
peaty,tomatoes,drip,2.0
peaty,tomatoes,sprinkler,2.0
peaty,tomatoes,flood,2.0
peaty,tomatoes,furrow,2.0
peaty,tomatoes,basin,2.0
peaty,tomatoes,rainfed,2.0
peaty,onions,drip,2.0
peaty,onions,sprinkler,2.0
peaty,onions,flood,2.0
peaty,onions,furrow,2.0
peaty,onions,basin,2.0
peaty,onions,rainfed,2.0
peaty,garlic,drip,2.0
peaty,garlic,sprinkler,2.0
peaty,garlic,flood,2.0
peaty,garlic,furrow,2.0
peaty,garlic,basin,2.0
peaty,garlic,rainfed,2.0
peaty,peppers,drip,2.0
peaty,peppers,sprinkler,2.0
peaty,peppers,flood,2.0
peaty,peppers,furrow,2.0
peaty,peppers,basin,2.0
peaty,peppers,rainfed,2.0
peaty,lettuce,drip,2.0
peaty,lettuce,sprinkler,2.0
peaty,lettuce,flood,2.0
peaty,lettuce,furrow,2.0
peaty,lettuce,basin,2.0
peaty,lettuce,rainfed,2.0
peaty,celery,drip,2.0
peaty,celery,sprinkler,2.0
peaty,celery,flood,2.0
peaty,celery,furrow,2.0
peaty,celery,basin,2.0
peaty,celery,rainfed,2.0
peaty,barley,drip,2.0
peaty,barley,sprinkler,2.0
peaty,barley,flood,2.0
peaty,barley,furrow,2.0
peaty,barley,basin,2.0
peaty,barley,rainfed,2.0
peaty,beet,drip,2.0
peaty,beet,sprinkler,2.0
peaty,beet,flood,2.0
peaty,beet,furrow,2.0
peaty,beet,basin,2.0
peaty,beet,rainfed,2.0
peaty,spinach,drip,2.0
peaty,spinach,sprinkler,2.0
peaty,spinach,flood,2.0
peaty,spinach,furrow,2.0
peaty,spinach,basin,2.0
peaty,spinach,rainfed,2.0
peaty,millets,drip,2.0
peaty,millets,sprinkler,2.0
peaty,millets,flood,2.0
peaty,millets,furrow,2.0
peaty,millets,basin,2.0
peaty,millets,rainfed,2.0
peaty,groundnut,drip,2.0
peaty,groundnut,sprinkler,2.0
peaty,groundnut,flood,2.0
peaty,groundnut,furrow,2.0
peaty,groundnut,basin,2.0
peaty,groundnut,rainfed,2.0
peaty,cashew,drip,2.0
peaty,cashew,sprinkler,2.0
peaty,cashew,flood,2.0
peaty,cashew,furrow,2.0
peaty,cashew,basin,2.0
peaty,cashew,rainfed,2.0
peaty,pineapple,drip,2.0
peaty,pineapple,sprinkler,2.0
peaty,pineapple,flood,2.0
peaty,pineapple,furrow,2.0
peaty,pineapple,basin,2.0
peaty,pineapple,rainfed,2.0
peaty,tea,drip,2.0
peaty,tea,sprinkler,2.0
peaty,tea,flood,2.0
peaty,tea,furrow,2.0
peaty,tea,basin,2.0
peaty,tea,rainfed,2.0
peaty,coffee,drip,2.0
peaty,coffee,sprinkler,2.0
peaty,coffee,flood,2.0
peaty,coffee,furrow,2.0
peaty,coffee,basin,2.0
peaty,coffee,rainfed,2.0
peaty,sunflower,drip,2.0
peaty,sunflower,sprinkler,2.0
peaty,sunflower,flood,2.0
peaty,sunflower,furrow,2.0
peaty,sunflower,basin,2.0
peaty,sunflower,rainfed,2.0
peaty,jute,drip,2.0
peaty,jute,sprinkler,2.0
peaty,jute,flood,2.0
peaty,jute,furrow,2.0
peaty,jute,basin,2.0
peaty,jute,rainfed,2.0
peaty,sugarcane,drip,2.0
peaty,sugarcane,sprinkler,2.0
peaty,sugarcane,flood,2.0
peaty,sugarcane,furrow,2.0
peaty,sugarcane,basin,2.0
peaty,sugarcane,rainfed,2.0
peaty,sugar beet,drip,2.0
peaty,sugar beet,sprinkler,2.0
peaty,sugar beet,flood,2.0
peaty,sugar beet,furrow,2.0
peaty,sugar beet,basin,2.0
peaty,sugar beet,rainfed,2.0
mixed,wheat,drip,2.0
mixed,wheat,sprinkler,2.0
mixed,wheat,flood,2.0
mixed,wheat,furrow,2.0
mixed,wheat,basin,2.0
mixed,wheat,rainfed,2.0
mixed,rice,drip,2.0
mixed,rice,sprinkler,2.0
mixed,rice,flood,2.0
mixed,rice,furrow,2.0
mixed,rice,basin,2.0
mixed,rice,rainfed,2.0
mixed,cotton,drip,2.0
mixed,cotton,sprinkler,2.0
mixed,cotton,flood,2.0
mixed,cotton,furrow,2.0
mixed,cotton,basin,2.0
mixed,cotton,rainfed,2.0
mixed,vegetables,drip,2.0
mixed,vegetables,sprinkler,2.0
mixed,vegetables,flood,2.0
mixed,vegetables,furrow,2.0
mixed,vegetables,basin,2.0
mixed,vegetables,rainfed,2.0
mixed,pulses,drip,2.0
mixed,pulses,sprinkler,2.0
mixed,pulses,flood,2.0
mixed,pulses,furrow,2.0
mixed,pulses,basin,2.0
mixed,pulses,rainfed,2.0
mixed,peanuts,drip,2.0
mixed,peanuts,sprinkler,2.0
mixed,peanuts,flood,2.0
mixed,peanuts,furrow,2.0
mixed,peanuts,basin,2.0
mixed,peanuts,rainfed,2.0
mixed,watermelon,drip,2.0
mixed,watermelon,sprinkler,2.0
mixed,watermelon,flood,2.0
mixed,watermelon,furrow,2.0
mixed,watermelon,basin,2.0
mixed,watermelon,rainfed,2.0
mixed,potatoes,drip,2.0
mixed,potatoes,sprinkler,2.0
mixed,potatoes,flood,2.0
mixed,potatoes,furrow,2.0
mixed,potatoes,basin,2.0
mixed,potatoes,rainfed,2.0
mixed,carrots,drip,2.0
mixed,carrots,sprinkler,2.0
mixed,carrots,flood,2.0
mixed,carrots,furrow,2.0
mixed,carrots,basin,2.0
mixed,carrots,rainfed,2.0
mixed,cantaloupe,drip,2.0
mixed,cantaloupe,sprinkler,2.0
mixed,cantaloupe,flood,2.0
mixed,cantaloupe,furrow,2.0
mixed,cantaloupe,basin,2.0
mixed,cantaloupe,rainfed,2.0
mixed,soybean,drip,2.0
mixed,soybean,sprinkler,2.0
mixed,soybean,flood,2.0
mixed,soybean,furrow,2.0
mixed,soybean,basin,2.0
mixed,soybean,rainfed,2.0
mixed,broccoli,drip,2.0
mixed,broccoli,sprinkler,2.0
mixed,broccoli,flood,2.0
mixed,broccoli,furrow,2.0
mixed,broccoli,basin,2.0
mixed,broccoli,rainfed,2.0
mixed,cabbage,drip,2.0
mixed,cabbage,sprinkler,2.0
mixed,cabbage,flood,2.0
mixed,cabbage,furrow,2.0
mixed,cabbage,basin,2.0
mixed,cabbage,rainfed,2.0
mixed,tomatoes,drip,2.0
mixed,tomatoes,sprinkler,2.0
mixed,tomatoes,flood,2.0
mixed,tomatoes,furrow,2.0
mixed,tomatoes,basin,2.0
mixed,tomatoes,rainfed,2.0
mixed,onions,drip,2.0
mixed,onions,sprinkler,2.0
mixed,onions,flood,2.0
mixed,onions,furrow,2.0
mixed,onions,basin,2.0
mixed,onions,rainfed,2.0
mixed,garlic,drip,2.0
mixed,garlic,sprinkler,2.0
mixed,garlic,flood,2.0
mixed,garlic,furrow,2.0
mixed,garlic,basin,2.0
mixed,garlic,rainfed,2.0
mixed,peppers,drip,2.0
mixed,peppers,sprinkler,2.0
mixed,peppers,flood,2.0
mixed,peppers,furrow,2.0
mixed,peppers,basin,2.0
mixed,peppers,rainfed,2.0
mixed,lettuce,drip,2.0
mixed,lettuce,sprinkler,2.0
mixed,lettuce,flood,2.0
mixed,lettuce,furrow,2.0
mixed,lettuce,basin,2.0
mixed,lettuce,rainfed,2.0
mixed,celery,drip,2.0
mixed,celery,sprinkler,2.0
mixed,celery,flood,2.0
mixed,celery,furrow,2.0
mixed,celery,basin,2.0
mixed,celery,rainfed,2.0
mixed,barley,drip,2.0
mixed,barley,sprinkler,2.0
mixed,barley,flood,2.0
mixed,barley,furrow,2.0
mixed,barley,basin,2.0
mixed,barley,rainfed,2.0
mixed,beet,drip,2.0
mixed,beet,sprinkler,2.0
mixed,beet,flood,2.0
mixed,beet,furrow,2.0
mixed,beet,basin,2.0
mixed,beet,rainfed,2.0
mixed,spinach,drip,2.0
mixed,spinach,sprinkler,2.0
mixed,spinach,flood,2.0
mixed,spinach,furrow,2.0
mixed,spinach,basin,2.0
mixed,spinach,rainfed,2.0
mixed,millets,drip,2.0
mixed,millets,sprinkler,2.0
mixed,millets,flood,2.0
mixed,millets,furrow,2.0
mixed,millets,basin,2.0
mixed,millets,rainfed,2.0
mixed,groundnut,drip,2.0
mixed,groundnut,sprinkler,2.0
mixed,groundnut,flood,2.0
mixed,groundnut,furrow,2.0
mixed,groundnut,basin,2.0
mixed,groundnut,rainfed,2.0
mixed,cashew,drip,2.0
mixed,cashew,sprinkler,2.0
mixed,cashew,flood,2.0
mixed,cashew,furrow,2.0
mixed,cashew,basin,2.0
mixed,cashew,rainfed,2.0
mixed,pineapple,drip,2.0
mixed,pineapple,sprinkler,2.0
mixed,pineapple,flood,2.0
mixed,pineapple,furrow,2.0
mixed,pineapple,basin,2.0
mixed,pineapple,rainfed,2.0
mixed,tea,drip,2.0
mixed,tea,sprinkler,2.0
mixed,tea,flood,2.0
mixed,tea,furrow,2.0
mixed,tea,basin,2.0
mixed,tea,rainfed,2.0
mixed,coffee,drip,2.0
mixed,coffee,sprinkler,2.0
mixed,coffee,flood,2.0
mixed,coffee,furrow,2.0
mixed,coffee,basin,2.0
mixed,coffee,rainfed,2.0
mixed,sunflower,drip,2.0
mixed,sunflower,sprinkler,2.0
mixed,sunflower,flood,2.0
mixed,sunflower,furrow,2.0
mixed,sunflower,basin,2.0
mixed,sunflower,rainfed,2.0
mixed,jute,drip,2.0
mixed,jute,sprinkler,2.0
mixed,jute,flood,2.0
mixed,jute,furrow,2.0
mixed,jute,basin,2.0
mixed,jute,rainfed,2.0
mixed,sugarcane,drip,2.0
mixed,sugarcane,sprinkler,2.0
mixed,sugarcane,flood,2.0
mixed,sugarcane,furrow,2.0
mixed,sugarcane,basin,2.0
mixed,sugarcane,rainfed,2.0
mixed,sugar beet,drip,2.0
mixed,sugar beet,sprinkler,2.0
mixed,sugar beet,flood,2.0
mixed,sugar beet,furrow,2.0
mixed,sugar beet,basin,2.0
mixed,sugar beet,rainfed,2.0
